adidas Originals Men's Stan Smith Sneakers,90.13,2022-09-14
adidas Originals Men's Stan Smith Sneakers,90.13,2022-09-14
adidas Originals Men's Stan Smith Sneakers,90.13,2022-09-14
adidas Originals Men's Stan Smith Sneakers,90.13,2022-09-14
adidas Originals Men's Stan Smith Sneakers,90.13,2022-09-14
adidas Originals Men's Stan Smith Sneakers,90.13,2022-09-14
adidas Originals Men's Stan Smith Sneakers,90.13,2022-09-14
adidas Originals Men's Stan Smith Sneakers,90.13,2022-09-14
adidas Originals Men's Stan Smith Sneakers,90.13,2022-09-14
adidas Originals Men's Stan Smith Sneakers,90.13,2022-09-14
adidas Originals Men's Stan Smith Sneakers,90.13,2022-09-14
adidas Originals Men's Stan Smith Sneakers,90.13,2022-09-14
adidas Originals Men's Stan Smith Sneakers,90.13,2022-09-14
adidas Originals Men's Stan Smith Sneakers,90.13,2022-09-14
adidas Originals Men's Stan Smith Sneakers,90.13,2022-09-14
adidas Originals Men's Stan Smith Sneakers,90.13,2022-09-14
adidas Originals Men's Stan Smith Sneakers,90.13,2022-09-14
adidas Originals Men's Stan Smith Sneakers,90.13,2022-09-14
adidas Originals Men's Stan Smith Sneakers,90.13,2022-09-14
adidas Originals Men's Stan Smith Sneakers,90.13,2022-09-14
adidas Originals Men's Stan Smith Sneakers,90.13,2022-09-14
adidas Originals Men's Stan Smith Sneakers,90.13,2022-09-14
adidas Originals Men's Stan Smith Sneakers,90.13,2022-09-14
adidas Originals Men's Stan Smith Sneakers,90.13,2022-09-14
adidas Originals Men's Stan Smith Sneakers,90.13,2022-09-14
adidas Originals Men's Stan Smith Sneakers,90.13,2022-09-14
adidas Originals Men's Stan Smith Sneakers,90.13,2022-09-14
adidas Originals Men's Stan Smith Sneakers,90.13,2022-09-14
adidas Originals Men's Stan Smith Sneakers,90.13,2022-09-14
adidas Originals Men's Stan Smith Sneakers,90.13,2022-09-14
adidas Originals Men's Stan Smith Sneakers,90.13,2022-09-14
adidas Originals Men's Stan Smith Sneakers,90.13,2022-09-14
adidas Originals Men's Stan Smith Sneakers,90.13,2022-09-14
adidas Originals Men's Stan Smith Sneakers,90.13,2022-09-14
adidas Originals Men's Stan Smith Sneakers,90.13,2022-09-14
adidas Originals Men's Stan Smith Sneakers,90.13,2022-09-14
adidas Originals Men's Stan Smith Sneakers,90.13,2022-09-14
adidas Originals Men's Stan Smith Sneakers,90.13,2022-09-14
adidas Originals Men's Stan Smith Sneakers,90.13,2022-09-14
adidas Originals Men's Stan Smith Sneakers,90.13,2022-09-14
adidas Originals Men's Stan Smith Sneakers,90.13,2022-09-14
adidas Originals Men's Stan Smith Sneakers,90.13,2022-09-14
adidas Originals Men's Stan Smith Sneakers,90.13,2022-09-14
adidas Originals Men's Stan Smith Sneakers,90.13,2022-09-14
adidas Originals Men's Stan Smith Sneakers,90.13,2022-09-14
adidas Originals Men's Stan Smith Sneakers,90.13,2022-09-14
adidas Originals Men's Stan Smith Sneakers,90.13,2022-09-14
adidas Originals Men's Stan Smith Sneakers,90.13,2022-09-14
adidas Originals Men's Stan Smith Sneakers,90.13,2022-09-14
adidas Originals Men's Stan Smith Sneakers,90.13,2022-09-14
adidas Originals Men's Stan Smith Sneakers,90.13,2022-09-14
adidas Originals Men's Stan Smith Sneakers,90.13,2022-09-14
adidas Originals Men's Stan Smith Sneakers,90.13,2022-09-14
